标签,名称,星级,tooltip,地址,照片,综述,上线时间客房数,房间类型,交通,优势,设施评分,设施,入住时间,退房时间,取消政策,儿童加床,描述,付款方式,预订须知,当前链接,上级链接,下载时间
,,,,,,,,[],[],[],,[],,,,,,[],,http://www.booking.com/hotel/dk/holiday-home-sensommervej-lyngsbae.zh-cn.html?label=gen173nr-17CAooggJCAlhYSCtiBW5vcmVmaDGIAQGYATK4AQTIAQTYAQHoAQH4AQI;sid=19081379242f36aff7904aa9f6b4a7c7;dcid=4,http://www.booking.com/destination/city/dk/ebeltoft.zh-cn.html?label=gen173nr-17CAooggJCAlhYSCtiBW5vcmVmaDGIAQGYATK4AQTIAQTYAQHoAQH4AQI;sid=b4d1a923a0a8e3d06b05ebd8ad6c4506;dcid=4,2016-01-13 14:34:52
,,,,,,,,[],[],[],,[],,,,,,[],,http://www.booking.com/hotel/dk/holiday-home-skonnertvej-9-draby-strand.zh-cn.html?label=gen173nr-17CAooggJCAlhYSCtiBW5vcmVmaDGIAQGYATK4AQTIAQTYAQHoAQH4AQI;sid=19081379242f36aff7904aa9f6b4a7c7;dcid=4,http://www.booking.com/destination/city/dk/ebeltoft.zh-cn.html?label=gen173nr-17CAooggJCAlhYSCtiBW5vcmVmaDGIAQGYATK4AQTIAQTYAQHoAQH4AQI;sid=b4d1a923a0a8e3d06b05ebd8ad6c4506;dcid=4,2016-01-13 14:34:53
,,,,,,,,[],[],[],,[],,,,,,[],,http://www.booking.com/hotel/dk/holiday-home-skelstien.zh-cn.html?label=gen173nr-17CAooggJCAlhYSCtiBW5vcmVmaDGIAQGYATK4AQTIAQTYAQHoAQH4AQI;sid=19081379242f36aff7904aa9f6b4a7c7;dcid=4,http://www.booking.com/destination/city/dk/ebeltoft.zh-cn.html?label=gen173nr-17CAooggJCAlhYSCtiBW5vcmVmaDGIAQGYATK4AQTIAQTYAQHoAQH4AQI;sid=b4d1a923a0a8e3d06b05ebd8ad6c4506;dcid=4,2016-01-13 14:34:53
,,,,,,,,[],[],[],,[],,,,,,[],,http://www.booking.com/hotel/dk/holiday-home-skonnertvej-ebeltoft-ii.zh-cn.html?label=gen173nr-17CAooggJCAlhYSCtiBW5vcmVmaDGIAQGYATK4AQTIAQTYAQHoAQH4AQI;sid=19081379242f36aff7904aa9f6b4a7c7;dcid=4,http://www.booking.com/destination/city/dk/ebeltoft.zh-cn.html?label=gen173nr-17CAooggJCAlhYSCtiBW5vcmVmaDGIAQGYATK4AQTIAQTYAQHoAQH4AQI;sid=b4d1a923a0a8e3d06b05ebd8ad6c4506;dcid=4,2016-01-13 14:34:53
,,,,,,,,[],[],[],,[],,,,,,[],,http://www.booking.com/hotel/dk/holiday-home-skonnertvej-ebeltoft-denm.zh-cn.html?label=gen173nr-17CAooggJCAlhYSCtiBW5vcmVmaDGIAQGYATK4AQTIAQTYAQHoAQH4AQI;sid=19081379242f36aff7904aa9f6b4a7c7;dcid=4,http://www.booking.com/destination/city/dk/ebeltoft.zh-cn.html?label=gen173nr-17CAooggJCAlhYSCtiBW5vcmVmaDGIAQGYATK4AQTIAQTYAQHoAQH4AQI;sid=b4d1a923a0a8e3d06b05ebd8ad6c4506;dcid=4,2016-01-13 14:34:54
,,,,,,,,[],[],[],,[],,,,,,[],,http://www.booking.com/hotel/dk/holiday-home-skonnertvej-ebeltoft-v.zh-cn.html?label=gen173nr-17CAooggJCAlhYSCtiBW5vcmVmaDGIAQGYATK4AQTIAQTYAQHoAQH4AQI;sid=19081379242f36aff7904aa9f6b4a7c7;dcid=4,http://www.booking.com/destination/city/dk/ebeltoft.zh-cn.html?label=gen173nr-17CAooggJCAlhYSCtiBW5vcmVmaDGIAQGYATK4AQTIAQTYAQHoAQH4AQI;sid=b4d1a923a0a8e3d06b05ebd8ad6c4506;dcid=4,2016-01-13 14:34:54
,,,,,,,,[],[],[],,[],,,,,,[],,http://www.booking.com/hotel/dk/holiday-home-skonnertvej-ebeltoft-xii.zh-cn.html?label=gen173nr-17CAooggJCAlhYSCtiBW5vcmVmaDGIAQGYATK4AQTIAQTYAQHoAQH4AQI;sid=19081379242f36aff7904aa9f6b4a7c7;dcid=4,http://www.booking.com/destination/city/dk/ebeltoft.zh-cn.html?label=gen173nr-17CAooggJCAlhYSCtiBW5vcmVmaDGIAQGYATK4AQTIAQTYAQHoAQH4AQI;sid=b4d1a923a0a8e3d06b05ebd8ad6c4506;dcid=4,2016-01-13 14:34:55
,,,,,,,,[],[],[],,[],,,,,,[],,http://www.booking.com/hotel/dk/holiday-home-skovmarvej-a-4117.zh-cn.html?label=gen173nr-17CAooggJCAlhYSCtiBW5vcmVmaDGIAQGYATK4AQTIAQTYAQHoAQH4AQI;sid=19081379242f36aff7904aa9f6b4a7c7;dcid=4,http://www.booking.com/destination/city/dk/ebeltoft.zh-cn.html?label=gen173nr-17CAooggJCAlhYSCtiBW5vcmVmaDGIAQGYATK4AQTIAQTYAQHoAQH4AQI;sid=b4d1a923a0a8e3d06b05ebd8ad6c4506;dcid=4,2016-01-13 14:34:56
,,,,,,,,[],[],[],,[],,,,,,[],,http://www.booking.com/hotel/dk/holiday-home-skovmarvej-ebeltoft.zh-cn.html?label=gen173nr-17CAooggJCAlhYSCtiBW5vcmVmaDGIAQGYATK4AQTIAQTYAQHoAQH4AQI;sid=19081379242f36aff7904aa9f6b4a7c7;dcid=4,http://www.booking.com/destination/city/dk/ebeltoft.zh-cn.html?label=gen173nr-17CAooggJCAlhYSCtiBW5vcmVmaDGIAQGYATK4AQTIAQTYAQHoAQH4AQI;sid=b4d1a923a0a8e3d06b05ebd8ad6c4506;dcid=4,2016-01-13 14:34:56
,,,,,,,,[],[],[],,[],,,,,,[],,http://www.booking.com/hotel/dk/holiday-home-skovmarvej-h-4116.zh-cn.html?label=gen173nr-17CAooggJCAlhYSCtiBW5vcmVmaDGIAQGYATK4AQTIAQTYAQHoAQH4AQI;sid=19081379242f36aff7904aa9f6b4a7c7;dcid=4,http://www.booking.com/destination/city/dk/ebeltoft.zh-cn.html?label=gen173nr-17CAooggJCAlhYSCtiBW5vcmVmaDGIAQGYATK4AQTIAQTYAQHoAQH4AQI;sid=b4d1a923a0a8e3d06b05ebd8ad6c4506;dcid=4,2016-01-13 14:34:56
,,,,,,,,[],[],[],,[],,,,,,[],,http://www.booking.com/hotel/dk/holiday-home-skovmarvej-g-4115.zh-cn.html?label=gen173nr-17CAooggJCAlhYSCtiBW5vcmVmaDGIAQGYATK4AQTIAQTYAQHoAQH4AQI;sid=19081379242f36aff7904aa9f6b4a7c7;dcid=4,http://www.booking.com/destination/city/dk/ebeltoft.zh-cn.html?label=gen173nr-17CAooggJCAlhYSCtiBW5vcmVmaDGIAQGYATK4AQTIAQTYAQHoAQH4AQI;sid=b4d1a923a0a8e3d06b05ebd8ad6c4506;dcid=4,2016-01-13 14:34:57
,,,,,,,,[],[],[],,[],,,,,,[],,http://www.booking.com/hotel/dk/holiday-home-skovvangsvej-1-a-lyngsbaek-bakker.zh-cn.html?label=gen173nr-17CAooggJCAlhYSCtiBW5vcmVmaDGIAQGYATK4AQTIAQTYAQHoAQH4AQI;sid=19081379242f36aff7904aa9f6b4a7c7;dcid=4,http://www.booking.com/destination/city/dk/ebeltoft.zh-cn.html?label=gen173nr-17CAooggJCAlhYSCtiBW5vcmVmaDGIAQGYATK4AQTIAQTYAQHoAQH4AQI;sid=b4d1a923a0a8e3d06b05ebd8ad6c4506;dcid=4,2016-01-13 14:34:57
,,,,,,,,[],[],[],,[],,,,,,[],,http://www.booking.com/hotel/dk/holiday-home-skudehavnen-10.zh-cn.html?label=gen173nr-17CAooggJCAlhYSCtiBW5vcmVmaDGIAQGYATK4AQTIAQTYAQHoAQH4AQI;sid=19081379242f36aff7904aa9f6b4a7c7;dcid=4,http://www.booking.com/destination/city/dk/ebeltoft.zh-cn.html?label=gen173nr-17CAooggJCAlhYSCtiBW5vcmVmaDGIAQGYATK4AQTIAQTYAQHoAQH4AQI;sid=b4d1a923a0a8e3d06b05ebd8ad6c4506;dcid=4,2016-01-13 14:34:58
,,,,,,,,[],[],[],,[],,,,,,[],,http://www.booking.com/hotel/dk/holiday-home-skrubbevej-ebeltoft-v.zh-cn.html?label=gen173nr-17CAooggJCAlhYSCtiBW5vcmVmaDGIAQGYATK4AQTIAQTYAQHoAQH4AQI;sid=19081379242f36aff7904aa9f6b4a7c7;dcid=4,http://www.booking.com/destination/city/dk/ebeltoft.zh-cn.html?label=gen173nr-17CAooggJCAlhYSCtiBW5vcmVmaDGIAQGYATK4AQTIAQTYAQHoAQH4AQI;sid=b4d1a923a0a8e3d06b05ebd8ad6c4506;dcid=4,2016-01-13 14:34:58
,,,,,,,,[],[],[],,[],,,,,,[],,http://www.booking.com/hotel/dk/holiday-home-slaenvej-f-4170.zh-cn.html?label=gen173nr-17CAooggJCAlhYSCtiBW5vcmVmaDGIAQGYATK4AQTIAQTYAQHoAQH4AQI;sid=19081379242f36aff7904aa9f6b4a7c7;dcid=4,http://www.booking.com/destination/city/dk/ebeltoft.zh-cn.html?label=gen173nr-17CAooggJCAlhYSCtiBW5vcmVmaDGIAQGYATK4AQTIAQTYAQHoAQH4AQI;sid=b4d1a923a0a8e3d06b05ebd8ad6c4506;dcid=4,2016-01-13 14:34:58
,,,,,,,,[],[],[],,[],,,,,,[],,http://www.booking.com/hotel/dk/holiday-home-sokjersvej.zh-cn.html?label=gen173nr-17CAooggJCAlhYSCtiBW5vcmVmaDGIAQGYATK4AQTIAQTYAQHoAQH4AQI;sid=19081379242f36aff7904aa9f6b4a7c7;dcid=4,http://www.booking.com/destination/city/dk/ebeltoft.zh-cn.html?label=gen173nr-17CAooggJCAlhYSCtiBW5vcmVmaDGIAQGYATK4AQTIAQTYAQHoAQH4AQI;sid=b4d1a923a0a8e3d06b05ebd8ad6c4506;dcid=4,2016-01-13 14:34:59
,,,,,,,,[],[],[],,[],,,,,,[],,http://www.booking.com/hotel/dk/holiday-home-skudehavnen-ebeltoft-ix.zh-cn.html?label=gen173nr-17CAooggJCAlhYSCtiBW5vcmVmaDGIAQGYATK4AQTIAQTYAQHoAQH4AQI;sid=19081379242f36aff7904aa9f6b4a7c7;dcid=4,http://www.booking.com/destination/city/dk/ebeltoft.zh-cn.html?label=gen173nr-17CAooggJCAlhYSCtiBW5vcmVmaDGIAQGYATK4AQTIAQTYAQHoAQH4AQI;sid=b4d1a923a0a8e3d06b05ebd8ad6c4506;dcid=4,2016-01-13 14:34:59
,,,,,,,,[],[],[],,[],,,,,,[],,http://www.booking.com/hotel/dk/holiday-home-solbrinken-ebeltoft-xii.zh-cn.html?label=gen173nr-17CAooggJCAlhYSCtiBW5vcmVmaDGIAQGYATK4AQTIAQTYAQHoAQH4AQI;sid=19081379242f36aff7904aa9f6b4a7c7;dcid=4,http://www.booking.com/destination/city/dk/ebeltoft.zh-cn.html?label=gen173nr-17CAooggJCAlhYSCtiBW5vcmVmaDGIAQGYATK4AQTIAQTYAQHoAQH4AQI;sid=b4d1a923a0a8e3d06b05ebd8ad6c4506;dcid=4,2016-01-13 14:34:59
,,,,,,,,[],[],[],,[],,,,,,[],,http://www.booking.com/hotel/dk/holiday-home-solkrogen-ebeltoft-iv.zh-cn.html?label=gen173nr-17CAooggJCAlhYSCtiBW5vcmVmaDGIAQGYATK4AQTIAQTYAQHoAQH4AQI;sid=19081379242f36aff7904aa9f6b4a7c7;dcid=4,http://www.booking.com/destination/city/dk/ebeltoft.zh-cn.html?label=gen173nr-17CAooggJCAlhYSCtiBW5vcmVmaDGIAQGYATK4AQTIAQTYAQHoAQH4AQI;sid=b4d1a923a0a8e3d06b05ebd8ad6c4506;dcid=4,2016-01-13 14:35:00
,,,,,,,,[],[],[],,[],,,,,,[],,http://www.booking.com/hotel/dk/holiday-home-solovej-ebeltoft-denm.zh-cn.html?label=gen173nr-17CAooggJCAlhYSCtiBW5vcmVmaDGIAQGYATK4AQTIAQTYAQHoAQH4AQI;sid=19081379242f36aff7904aa9f6b4a7c7;dcid=4,http://www.booking.com/destination/city/dk/ebeltoft.zh-cn.html?label=gen173nr-17CAooggJCAlhYSCtiBW5vcmVmaDGIAQGYATK4AQTIAQTYAQHoAQH4AQI;sid=b4d1a923a0a8e3d06b05ebd8ad6c4506;dcid=4,2016-01-13 14:35:00
,,,,,,,,[],[],[],,[],,,,,,[],,http://www.booking.com/hotel/dk/holiday-home-solovej-ebeltoft-iv.zh-cn.html?label=gen173nr-17CAooggJCAlhYSCtiBW5vcmVmaDGIAQGYATK4AQTIAQTYAQHoAQH4AQI;sid=19081379242f36aff7904aa9f6b4a7c7;dcid=4,http://www.booking.com/destination/city/dk/ebeltoft.zh-cn.html?label=gen173nr-17CAooggJCAlhYSCtiBW5vcmVmaDGIAQGYATK4AQTIAQTYAQHoAQH4AQI;sid=b4d1a923a0a8e3d06b05ebd8ad6c4506;dcid=4,2016-01-13 14:35:00
,,,,,,,,[],[],[],,[],,,,,,[],,http://www.booking.com/hotel/dk/holiday-home-ebeltoft-08.zh-cn.html?label=gen173nr-17CAooggJCAlhYSCtiBW5vcmVmaDGIAQGYATK4AQTIAQTYAQHoAQH4AQI;sid=19081379242f36aff7904aa9f6b4a7c7;dcid=4,http://www.booking.com/destination/city/dk/ebeltoft.zh-cn.html?label=gen173nr-17CAooggJCAlhYSCtiBW5vcmVmaDGIAQGYATK4AQTIAQTYAQHoAQH4AQI;sid=b4d1a923a0a8e3d06b05ebd8ad6c4506;dcid=4,2016-01-13 14:35:00
,,,,,,,,[],[],[],,[],,,,,,[],,http://www.booking.com/hotel/dk/holiday-home-solkrogen-8.zh-cn.html?label=gen173nr-17CAooggJCAlhYSCtiBW5vcmVmaDGIAQGYATK4AQTIAQTYAQHoAQH4AQI;sid=19081379242f36aff7904aa9f6b4a7c7;dcid=4,http://www.booking.com/destination/city/dk/ebeltoft.zh-cn.html?label=gen173nr-17CAooggJCAlhYSCtiBW5vcmVmaDGIAQGYATK4AQTIAQTYAQHoAQH4AQI;sid=b4d1a923a0a8e3d06b05ebd8ad6c4506;dcid=4,2016-01-13 14:35:00
,,,,,,,,[],[],[],,[],,,,,,[],,http://www.booking.com/hotel/dk/holiday-home-solskraenten-ebeltoft-xi.zh-cn.html?label=gen173nr-17CAooggJCAlhYSCtiBW5vcmVmaDGIAQGYATK4AQTIAQTYAQHoAQH4AQI;sid=19081379242f36aff7904aa9f6b4a7c7;dcid=4,http://www.booking.com/destination/city/dk/ebeltoft.zh-cn.html?label=gen173nr-17CAooggJCAlhYSCtiBW5vcmVmaDGIAQGYATK4AQTIAQTYAQHoAQH4AQI;sid=b4d1a923a0a8e3d06b05ebd8ad6c4506;dcid=4,2016-01-13 14:35:01
,,,,,,,,[],[],[],,[],,,,,,[],,http://www.booking.com/hotel/dk/holiday-home-solovej-ebeltoft-xi.zh-cn.html?label=gen173nr-17CAooggJCAlhYSCtiBW5vcmVmaDGIAQGYATK4AQTIAQTYAQHoAQH4AQI;sid=19081379242f36aff7904aa9f6b4a7c7;dcid=4,http://www.booking.com/destination/city/dk/ebeltoft.zh-cn.html?label=gen173nr-17CAooggJCAlhYSCtiBW5vcmVmaDGIAQGYATK4AQTIAQTYAQHoAQH4AQI;sid=b4d1a923a0a8e3d06b05ebd8ad6c4506;dcid=4,2016-01-13 14:35:01
,,,,,,,,[],[],[],,[],,,,,,[],,http://www.booking.com/hotel/dk/holiday-home-solskraenten-ebeltoft-i.zh-cn.html?label=gen173nr-17CAooggJCAlhYSCtiBW5vcmVmaDGIAQGYATK4AQTIAQTYAQHoAQH4AQI;sid=19081379242f36aff7904aa9f6b4a7c7;dcid=4,http://www.booking.com/destination/city/dk/ebeltoft.zh-cn.html?label=gen173nr-17CAooggJCAlhYSCtiBW5vcmVmaDGIAQGYATK4AQTIAQTYAQHoAQH4AQI;sid=b4d1a923a0a8e3d06b05ebd8ad6c4506;dcid=4,2016-01-13 14:35:02
,,,,,,,,[],[],[],,[],,,,,,[],,http://www.booking.com/hotel/dk/holiday-home-spovevej-ebeltoft-ii.zh-cn.html?label=gen173nr-17CAooggJCAlhYSCtiBW5vcmVmaDGIAQGYATK4AQTIAQTYAQHoAQH4AQI;sid=19081379242f36aff7904aa9f6b4a7c7;dcid=4,http://www.booking.com/destination/city/dk/ebeltoft.zh-cn.html?label=gen173nr-17CAooggJCAlhYSCtiBW5vcmVmaDGIAQGYATK4AQTIAQTYAQHoAQH4AQI;sid=b4d1a923a0a8e3d06b05ebd8ad6c4506;dcid=4,2016-01-13 14:35:02
,,,,,,,,[],[],[],,[],,,,,,[],,http://www.booking.com/hotel/dk/holiday-home-sondergade-3.zh-cn.html?label=gen173nr-17CAooggJCAlhYSCtiBW5vcmVmaDGIAQGYATK4AQTIAQTYAQHoAQH4AQI;sid=19081379242f36aff7904aa9f6b4a7c7;dcid=4,http://www.booking.com/destination/city/dk/ebeltoft.zh-cn.html?label=gen173nr-17CAooggJCAlhYSCtiBW5vcmVmaDGIAQGYATK4AQTIAQTYAQHoAQH4AQI;sid=b4d1a923a0a8e3d06b05ebd8ad6c4506;dcid=4,2016-01-13 14:35:02
,,,,,,,,[],[],[],,[],,,,,,[],,http://www.booking.com/hotel/dk/holiday-home-stenbidervej-ebeltoft-vi.zh-cn.html?label=gen173nr-17CAooggJCAlhYSCtiBW5vcmVmaDGIAQGYATK4AQTIAQTYAQHoAQH4AQI;sid=19081379242f36aff7904aa9f6b4a7c7;dcid=4,http://www.booking.com/destination/city/dk/ebeltoft.zh-cn.html?label=gen173nr-17CAooggJCAlhYSCtiBW5vcmVmaDGIAQGYATK4AQTIAQTYAQHoAQH4AQI;sid=b4d1a923a0a8e3d06b05ebd8ad6c4506;dcid=4,2016-01-13 14:35:03
,,,,,,,,[],[],[],,[],,,,,,[],,http://www.booking.com/hotel/dk/holiday-home-stabelhojen-ebeltoft.zh-cn.html?label=gen173nr-17CAooggJCAlhYSCtiBW5vcmVmaDGIAQGYATK4AQTIAQTYAQHoAQH4AQI;sid=19081379242f36aff7904aa9f6b4a7c7;dcid=4,http://www.booking.com/destination/city/dk/ebeltoft.zh-cn.html?label=gen173nr-17CAooggJCAlhYSCtiBW5vcmVmaDGIAQGYATK4AQTIAQTYAQHoAQH4AQI;sid=b4d1a923a0a8e3d06b05ebd8ad6c4506;dcid=4,2016-01-13 14:35:04
,,,,,,,,[],[],[],,[],,,,,,[],,http://www.booking.com/hotel/dk/holiday-home-stillidsvej-ebeltoft-x.zh-cn.html?label=gen173nr-17CAooggJCAlhYSCtiBW5vcmVmaDGIAQGYATK4AQTIAQTYAQHoAQH4AQI;sid=19081379242f36aff7904aa9f6b4a7c7;dcid=4,http://www.booking.com/destination/city/dk/ebeltoft.zh-cn.html?label=gen173nr-17CAooggJCAlhYSCtiBW5vcmVmaDGIAQGYATK4AQTIAQTYAQHoAQH4AQI;sid=b4d1a923a0a8e3d06b05ebd8ad6c4506;dcid=4,2016-01-13 14:35:04
,,,,,,,,[],[],[],,[],,,,,,[],,http://www.booking.com/hotel/dk/holiday-home-spovevej-ebeltoft.zh-cn.html?label=gen173nr-17CAooggJCAlhYSCtiBW5vcmVmaDGIAQGYATK4AQTIAQTYAQHoAQH4AQI;sid=19081379242f36aff7904aa9f6b4a7c7;dcid=4,http://www.booking.com/destination/city/dk/ebeltoft.zh-cn.html?label=gen173nr-17CAooggJCAlhYSCtiBW5vcmVmaDGIAQGYATK4AQTIAQTYAQHoAQH4AQI;sid=b4d1a923a0a8e3d06b05ebd8ad6c4506;dcid=4,2016-01-13 14:35:04
,,,,,,,,[],[],[],,[],,,,,,[],,http://www.booking.com/hotel/dk/holiday-home-sydbakken-e-4689.zh-cn.html?label=gen173nr-17CAooggJCAlhYSCtiBW5vcmVmaDGIAQGYATK4AQTIAQTYAQHoAQH4AQI;sid=19081379242f36aff7904aa9f6b4a7c7;dcid=4,http://www.booking.com/destination/city/dk/ebeltoft.zh-cn.html?label=gen173nr-17CAooggJCAlhYSCtiBW5vcmVmaDGIAQGYATK4AQTIAQTYAQHoAQH4AQI;sid=b4d1a923a0a8e3d06b05ebd8ad6c4506;dcid=4,2016-01-13 14:35:05
,,,,,,,,[],[],[],,[],,,,,,[],,http://www.booking.com/hotel/dk/holiday-home-sydbakken-ebeltoft-denm.zh-cn.html?label=gen173nr-17CAooggJCAlhYSCtiBW5vcmVmaDGIAQGYATK4AQTIAQTYAQHoAQH4AQI;sid=19081379242f36aff7904aa9f6b4a7c7;dcid=4,http://www.booking.com/destination/city/dk/ebeltoft.zh-cn.html?label=gen173nr-17CAooggJCAlhYSCtiBW5vcmVmaDGIAQGYATK4AQTIAQTYAQHoAQH4AQI;sid=b4d1a923a0a8e3d06b05ebd8ad6c4506;dcid=4,2016-01-13 14:35:05
,,,,,,,,[],[],[],,[],,,,,,[],,http://www.booking.com/hotel/dk/holiday-home-sydbakken-ebeltoft.zh-cn.html?label=gen173nr-17CAooggJCAlhYSCtiBW5vcmVmaDGIAQGYATK4AQTIAQTYAQHoAQH4AQI;sid=19081379242f36aff7904aa9f6b4a7c7;dcid=4,http://www.booking.com/destination/city/dk/ebeltoft.zh-cn.html?label=gen173nr-17CAooggJCAlhYSCtiBW5vcmVmaDGIAQGYATK4AQTIAQTYAQHoAQH4AQI;sid=b4d1a923a0a8e3d06b05ebd8ad6c4506;dcid=4,2016-01-13 14:35:05
,,,,,,,,[],[],[],,[],,,,,,[],,http://www.booking.com/hotel/dk/holiday-home-sydbakken-ebeltoft-xi.zh-cn.html?label=gen173nr-17CAooggJCAlhYSCtiBW5vcmVmaDGIAQGYATK4AQTIAQTYAQHoAQH4AQI;sid=19081379242f36aff7904aa9f6b4a7c7;dcid=4,http://www.booking.com/destination/city/dk/ebeltoft.zh-cn.html?label=gen173nr-17CAooggJCAlhYSCtiBW5vcmVmaDGIAQGYATK4AQTIAQTYAQHoAQH4AQI;sid=b4d1a923a0a8e3d06b05ebd8ad6c4506;dcid=4,2016-01-13 14:35:06
,,,,,,,,[],[],[],,[],,,,,,[],,http://www.booking.com/hotel/dk/holiday-home-stillidsvej-ebeltoft-iii.zh-cn.html?label=gen173nr-17CAooggJCAlhYSCtiBW5vcmVmaDGIAQGYATK4AQTIAQTYAQHoAQH4AQI;sid=19081379242f36aff7904aa9f6b4a7c7;dcid=4,http://www.booking.com/destination/city/dk/ebeltoft.zh-cn.html?label=gen173nr-17CAooggJCAlhYSCtiBW5vcmVmaDGIAQGYATK4AQTIAQTYAQHoAQH4AQI;sid=b4d1a923a0a8e3d06b05ebd8ad6c4506;dcid=4,2016-01-13 14:35:06
,,,,,,,,[],[],[],,[],,,,,,[],,http://www.booking.com/hotel/dk/holiday-home-sydbakken-f-4690.zh-cn.html?label=gen173nr-17CAooggJCAlhYSCtiBW5vcmVmaDGIAQGYATK4AQTIAQTYAQHoAQH4AQI;sid=19081379242f36aff7904aa9f6b4a7c7;dcid=4,http://www.booking.com/destination/city/dk/ebeltoft.zh-cn.html?label=gen173nr-17CAooggJCAlhYSCtiBW5vcmVmaDGIAQGYATK4AQTIAQTYAQHoAQH4AQI;sid=b4d1a923a0a8e3d06b05ebd8ad6c4506;dcid=4,2016-01-13 14:35:06
,,,,,,,,[],[],[],,[],,,,,,[],,http://www.booking.com/hotel/dk/holiday-home-tigervej-ebeltoft-ii.zh-cn.html?label=gen173nr-17CAooggJCAlhYSCtiBW5vcmVmaDGIAQGYATK4AQTIAQTYAQHoAQH4AQI;sid=19081379242f36aff7904aa9f6b4a7c7;dcid=4,http://www.booking.com/destination/city/dk/ebeltoft.zh-cn.html?label=gen173nr-17CAooggJCAlhYSCtiBW5vcmVmaDGIAQGYATK4AQTIAQTYAQHoAQH4AQI;sid=b4d1a923a0a8e3d06b05ebd8ad6c4506;dcid=4,2016-01-13 14:35:06
,,,,,,,,[],[],[],,[],,,,,,[],,http://www.booking.com/hotel/dk/holiday-home-thorupsvej.zh-cn.html?label=gen173nr-17CAooggJCAlhYSCtiBW5vcmVmaDGIAQGYATK4AQTIAQTYAQHoAQH4AQI;sid=19081379242f36aff7904aa9f6b4a7c7;dcid=4,http://www.booking.com/destination/city/dk/ebeltoft.zh-cn.html?label=gen173nr-17CAooggJCAlhYSCtiBW5vcmVmaDGIAQGYATK4AQTIAQTYAQHoAQH4AQI;sid=b4d1a923a0a8e3d06b05ebd8ad6c4506;dcid=4,2016-01-13 14:35:06
,,,,,,,,[],[],[],,[],,,,,,[],,http://www.booking.com/hotel/dk/holiday-home-tigervej-h-4804.zh-cn.html?label=gen173nr-17CAooggJCAlhYSCtiBW5vcmVmaDGIAQGYATK4AQTIAQTYAQHoAQH4AQI;sid=19081379242f36aff7904aa9f6b4a7c7;dcid=4,http://www.booking.com/destination/city/dk/ebeltoft.zh-cn.html?label=gen173nr-17CAooggJCAlhYSCtiBW5vcmVmaDGIAQGYATK4AQTIAQTYAQHoAQH4AQI;sid=b4d1a923a0a8e3d06b05ebd8ad6c4506;dcid=4,2016-01-13 14:35:07
,,,,,,,,[],[],[],,[],,,,,,[],,http://www.booking.com/hotel/dk/holiday-home-tranevej-ebeltoft-xii.zh-cn.html?label=gen173nr-17CAooggJCAlhYSCtiBW5vcmVmaDGIAQGYATK4AQTIAQTYAQHoAQH4AQI;sid=19081379242f36aff7904aa9f6b4a7c7;dcid=4,http://www.booking.com/destination/city/dk/ebeltoft.zh-cn.html?label=gen173nr-17CAooggJCAlhYSCtiBW5vcmVmaDGIAQGYATK4AQTIAQTYAQHoAQH4AQI;sid=b4d1a923a0a8e3d06b05ebd8ad6c4506;dcid=4,2016-01-13 14:35:08
,,,,,,,,[],[],[],,[],,,,,,[],,http://www.booking.com/hotel/dk/holiday-home-tigervej-ebeltoft-iv.zh-cn.html?label=gen173nr-17CAooggJCAlhYSCtiBW5vcmVmaDGIAQGYATK4AQTIAQTYAQHoAQH4AQI;sid=19081379242f36aff7904aa9f6b4a7c7;dcid=4,http://www.booking.com/destination/city/dk/ebeltoft.zh-cn.html?label=gen173nr-17CAooggJCAlhYSCtiBW5vcmVmaDGIAQGYATK4AQTIAQTYAQHoAQH4AQI;sid=b4d1a923a0a8e3d06b05ebd8ad6c4506;dcid=4,2016-01-13 14:35:08
,,,,,,,,[],[],[],,[],,,,,,[],,http://www.booking.com/hotel/dk/holiday-home-tranevej-xii.zh-cn.html?label=gen173nr-17CAooggJCAlhYSCtiBW5vcmVmaDGIAQGYATK4AQTIAQTYAQHoAQH4AQI;sid=19081379242f36aff7904aa9f6b4a7c7;dcid=4,http://www.booking.com/destination/city/dk/ebeltoft.zh-cn.html?label=gen173nr-17CAooggJCAlhYSCtiBW5vcmVmaDGIAQGYATK4AQTIAQTYAQHoAQH4AQI;sid=b4d1a923a0a8e3d06b05ebd8ad6c4506;dcid=4,2016-01-13 14:35:09
,,,,,,,,[],[],[],,[],,,,,,[],,http://www.booking.com/hotel/dk/holiday-home-trojavej-ebeltoft-iv.zh-cn.html?label=gen173nr-17CAooggJCAlhYSCtiBW5vcmVmaDGIAQGYATK4AQTIAQTYAQHoAQH4AQI;sid=19081379242f36aff7904aa9f6b4a7c7;dcid=4,http://www.booking.com/destination/city/dk/ebeltoft.zh-cn.html?label=gen173nr-17CAooggJCAlhYSCtiBW5vcmVmaDGIAQGYATK4AQTIAQTYAQHoAQH4AQI;sid=b4d1a923a0a8e3d06b05ebd8ad6c4506;dcid=4,2016-01-13 14:35:10
,,,,,,,,[],[],[],,[],,,,,,[],,http://www.booking.com/hotel/dk/holiday-home-treklovervej.zh-cn.html?label=gen173nr-17CAooggJCAlhYSCtiBW5vcmVmaDGIAQGYATK4AQTIAQTYAQHoAQH4AQI;sid=19081379242f36aff7904aa9f6b4a7c7;dcid=4,http://www.booking.com/destination/city/dk/ebeltoft.zh-cn.html?label=gen173nr-17CAooggJCAlhYSCtiBW5vcmVmaDGIAQGYATK4AQTIAQTYAQHoAQH4AQI;sid=b4d1a923a0a8e3d06b05ebd8ad6c4506;dcid=4,2016-01-13 14:35:10
,,,,,,,,[],[],[],,[],,,,,,[],,http://www.booking.com/hotel/dk/holiday-home-trojavej-ebeltoft-ix.zh-cn.html?label=gen173nr-17CAooggJCAlhYSCtiBW5vcmVmaDGIAQGYATK4AQTIAQTYAQHoAQH4AQI;sid=19081379242f36aff7904aa9f6b4a7c7;dcid=4,http://www.booking.com/destination/city/dk/ebeltoft.zh-cn.html?label=gen173nr-17CAooggJCAlhYSCtiBW5vcmVmaDGIAQGYATK4AQTIAQTYAQHoAQH4AQI;sid=b4d1a923a0a8e3d06b05ebd8ad6c4506;dcid=4,2016-01-13 14:35:10
,,,,,,,,[],[],[],,[],,,,,,[],,http://www.booking.com/hotel/dk/holiday-home-tunvej-ebeltoft-ix.zh-cn.html?label=gen173nr-17CAooggJCAlhYSCtiBW5vcmVmaDGIAQGYATK4AQTIAQTYAQHoAQH4AQI;sid=19081379242f36aff7904aa9f6b4a7c7;dcid=4,http://www.booking.com/destination/city/dk/ebeltoft.zh-cn.html?label=gen173nr-17CAooggJCAlhYSCtiBW5vcmVmaDGIAQGYATK4AQTIAQTYAQHoAQH4AQI;sid=b4d1a923a0a8e3d06b05ebd8ad6c4506;dcid=4,2016-01-13 14:35:10
,,,,,,,,[],[],[],,[],,,,,,[],,http://www.booking.com/hotel/dk/holiday-home-tuekaervej-ebeltoft-denm.zh-cn.html?label=gen173nr-17CAooggJCAlhYSCtiBW5vcmVmaDGIAQGYATK4AQTIAQTYAQHoAQH4AQI;sid=19081379242f36aff7904aa9f6b4a7c7;dcid=4,http://www.booking.com/destination/city/dk/ebeltoft.zh-cn.html?label=gen173nr-17CAooggJCAlhYSCtiBW5vcmVmaDGIAQGYATK4AQTIAQTYAQHoAQH4AQI;sid=b4d1a923a0a8e3d06b05ebd8ad6c4506;dcid=4,2016-01-13 14:35:10
,,,,,,,,[],[],[],,[],,,,,,[],,http://www.booking.com/hotel/dk/holiday-home-tvaervangen.zh-cn.html?label=gen173nr-17CAooggJCAlhYSCtiBW5vcmVmaDGIAQGYATK4AQTIAQTYAQHoAQH4AQI;sid=19081379242f36aff7904aa9f6b4a7c7;dcid=4,http://www.booking.com/destination/city/dk/ebeltoft.zh-cn.html?label=gen173nr-17CAooggJCAlhYSCtiBW5vcmVmaDGIAQGYATK4AQTIAQTYAQHoAQH4AQI;sid=b4d1a923a0a8e3d06b05ebd8ad6c4506;dcid=4,2016-01-13 14:35:11
,,,,,,,,[],[],[],,[],,,,,,[],,http://www.booking.com/hotel/dk/holiday-home-uglevej-d-4968.zh-cn.html?label=gen173nr-17CAooggJCAlhYSCtiBW5vcmVmaDGIAQGYATK4AQTIAQTYAQHoAQH4AQI;sid=19081379242f36aff7904aa9f6b4a7c7;dcid=4,http://www.booking.com/destination/city/dk/ebeltoft.zh-cn.html?label=gen173nr-17CAooggJCAlhYSCtiBW5vcmVmaDGIAQGYATK4AQTIAQTYAQHoAQH4AQI;sid=b4d1a923a0a8e3d06b05ebd8ad6c4506;dcid=4,2016-01-13 14:35:12
,,,,,,,,[],[],[],,[],,,,,,[],,http://www.booking.com/hotel/dk/holiday-home-tunvej-ebeltoft-x.zh-cn.html?label=gen173nr-17CAooggJCAlhYSCtiBW5vcmVmaDGIAQGYATK4AQTIAQTYAQHoAQH4AQI;sid=19081379242f36aff7904aa9f6b4a7c7;dcid=4,http://www.booking.com/destination/city/dk/ebeltoft.zh-cn.html?label=gen173nr-17CAooggJCAlhYSCtiBW5vcmVmaDGIAQGYATK4AQTIAQTYAQHoAQH4AQI;sid=b4d1a923a0a8e3d06b05ebd8ad6c4506;dcid=4,2016-01-13 14:35:12
,,,,,,,,[],[],[],,[],,,,,,[],,http://www.booking.com/hotel/dk/holiday-home-uglevaenget-ebeltoft-i.zh-cn.html?label=gen173nr-17CAooggJCAlhYSCtiBW5vcmVmaDGIAQGYATK4AQTIAQTYAQHoAQH4AQI;sid=19081379242f36aff7904aa9f6b4a7c7;dcid=4,http://www.booking.com/destination/city/dk/ebeltoft.zh-cn.html?label=gen173nr-17CAooggJCAlhYSCtiBW5vcmVmaDGIAQGYATK4AQTIAQTYAQHoAQH4AQI;sid=b4d1a923a0a8e3d06b05ebd8ad6c4506;dcid=4,2016-01-13 14:35:13
,,,,,,,,[],[],[],,[],,,,,,[],,http://www.booking.com/hotel/dk/holiday-home-uglevej-ebeltoft-iii.zh-cn.html?label=gen173nr-17CAooggJCAlhYSCtiBW5vcmVmaDGIAQGYATK4AQTIAQTYAQHoAQH4AQI;sid=19081379242f36aff7904aa9f6b4a7c7;dcid=4,http://www.booking.com/destination/city/dk/ebeltoft.zh-cn.html?label=gen173nr-17CAooggJCAlhYSCtiBW5vcmVmaDGIAQGYATK4AQTIAQTYAQHoAQH4AQI;sid=b4d1a923a0a8e3d06b05ebd8ad6c4506;dcid=4,2016-01-13 14:35:13
,,,,,,,,[],[],[],,[],,,,,,[],,http://www.booking.com/hotel/dk/holiday-home-uglevej-ebeltoft-denm.zh-cn.html?label=gen173nr-17CAooggJCAlhYSCtiBW5vcmVmaDGIAQGYATK4AQTIAQTYAQHoAQH4AQI;sid=19081379242f36aff7904aa9f6b4a7c7;dcid=4,http://www.booking.com/destination/city/dk/ebeltoft.zh-cn.html?label=gen173nr-17CAooggJCAlhYSCtiBW5vcmVmaDGIAQGYATK4AQTIAQTYAQHoAQH4AQI;sid=b4d1a923a0a8e3d06b05ebd8ad6c4506;dcid=4,2016-01-13 14:35:13
,,,,,,,,[],[],[],,[],,,,,,[],,http://www.booking.com/hotel/dk/holiday-home-uglevej-iii.zh-cn.html?label=gen173nr-17CAooggJCAlhYSCtiBW5vcmVmaDGIAQGYATK4AQTIAQTYAQHoAQH4AQI;sid=19081379242f36aff7904aa9f6b4a7c7;dcid=4,http://www.booking.com/destination/city/dk/ebeltoft.zh-cn.html?label=gen173nr-17CAooggJCAlhYSCtiBW5vcmVmaDGIAQGYATK4AQTIAQTYAQHoAQH4AQI;sid=b4d1a923a0a8e3d06b05ebd8ad6c4506;dcid=4,2016-01-13 14:35:14
,,,,,,,,[],[],[],,[],,,,,,[],,http://www.booking.com/hotel/dk/holiday-home-vagtelvej-ebeltoft-vi.zh-cn.html?label=gen173nr-17CAooggJCAlhYSCtiBW5vcmVmaDGIAQGYATK4AQTIAQTYAQHoAQH4AQI;sid=19081379242f36aff7904aa9f6b4a7c7;dcid=4,http://www.booking.com/destination/city/dk/ebeltoft.zh-cn.html?label=gen173nr-17CAooggJCAlhYSCtiBW5vcmVmaDGIAQGYATK4AQTIAQTYAQHoAQH4AQI;sid=b4d1a923a0a8e3d06b05ebd8ad6c4506;dcid=4,2016-01-13 14:35:14
,,,,,,,,[],[],[],,[],,,,,,[],,http://www.booking.com/hotel/dk/holiday-home-vestensovej-ebeltoft-i.zh-cn.html?label=gen173nr-17CAooggJCAlhYSCtiBW5vcmVmaDGIAQGYATK4AQTIAQTYAQHoAQH4AQI;sid=19081379242f36aff7904aa9f6b4a7c7;dcid=4,http://www.booking.com/destination/city/dk/ebeltoft.zh-cn.html?label=gen173nr-17CAooggJCAlhYSCtiBW5vcmVmaDGIAQGYATK4AQTIAQTYAQHoAQH4AQI;sid=b4d1a923a0a8e3d06b05ebd8ad6c4506;dcid=4,2016-01-13 14:35:15
,,,,,,,,[],[],[],,[],,,,,,[],,http://www.booking.com/hotel/dk/holiday-home-vegavej-iv.zh-cn.html?label=gen173nr-17CAooggJCAlhYSCtiBW5vcmVmaDGIAQGYATK4AQTIAQTYAQHoAQH4AQI;sid=19081379242f36aff7904aa9f6b4a7c7;dcid=4,http://www.booking.com/destination/city/dk/ebeltoft.zh-cn.html?label=gen173nr-17CAooggJCAlhYSCtiBW5vcmVmaDGIAQGYATK4AQTIAQTYAQHoAQH4AQI;sid=b4d1a923a0a8e3d06b05ebd8ad6c4506;dcid=4,2016-01-13 14:35:15
,,,,,,,,[],[],[],,[],,,,,,[],,http://www.booking.com/hotel/dk/holiday-home-vagtelvej-ebeltoft-ii.zh-cn.html?label=gen173nr-17CAooggJCAlhYSCtiBW5vcmVmaDGIAQGYATK4AQTIAQTYAQHoAQH4AQI;sid=19081379242f36aff7904aa9f6b4a7c7;dcid=4,http://www.booking.com/destination/city/dk/ebeltoft.zh-cn.html?label=gen173nr-17CAooggJCAlhYSCtiBW5vcmVmaDGIAQGYATK4AQTIAQTYAQHoAQH4AQI;sid=b4d1a923a0a8e3d06b05ebd8ad6c4506;dcid=4,2016-01-13 14:35:16
,,,,,,,,[],[],[],,[],,,,,,[],,http://www.booking.com/hotel/dk/holiday-home-vegavej-ebeltoft-iv.zh-cn.html?label=gen173nr-17CAooggJCAlhYSCtiBW5vcmVmaDGIAQGYATK4AQTIAQTYAQHoAQH4AQI;sid=19081379242f36aff7904aa9f6b4a7c7;dcid=4,http://www.booking.com/destination/city/dk/ebeltoft.zh-cn.html?label=gen173nr-17CAooggJCAlhYSCtiBW5vcmVmaDGIAQGYATK4AQTIAQTYAQHoAQH4AQI;sid=b4d1a923a0a8e3d06b05ebd8ad6c4506;dcid=4,2016-01-13 14:35:16
,,,,,,,,[],[],[],,[],,,,,,[],,http://www.booking.com/hotel/dk/holiday-home-vestensovej-ebeltoft-xii.zh-cn.html?label=gen173nr-17CAooggJCAlhYSCtiBW5vcmVmaDGIAQGYATK4AQTIAQTYAQHoAQH4AQI;sid=19081379242f36aff7904aa9f6b4a7c7;dcid=4,http://www.booking.com/destination/city/dk/ebeltoft.zh-cn.html?label=gen173nr-17CAooggJCAlhYSCtiBW5vcmVmaDGIAQGYATK4AQTIAQTYAQHoAQH4AQI;sid=b4d1a923a0a8e3d06b05ebd8ad6c4506;dcid=4,2016-01-13 14:35:16
,,,,,,,,[],[],[],,[],,,,,,[],,http://www.booking.com/hotel/dk/holiday-home-vagtelvej-ebeltoft-denm.zh-cn.html?label=gen173nr-17CAooggJCAlhYSCtiBW5vcmVmaDGIAQGYATK4AQTIAQTYAQHoAQH4AQI;sid=19081379242f36aff7904aa9f6b4a7c7;dcid=4,http://www.booking.com/destination/city/dk/ebeltoft.zh-cn.html?label=gen173nr-17CAooggJCAlhYSCtiBW5vcmVmaDGIAQGYATK4AQTIAQTYAQHoAQH4AQI;sid=b4d1a923a0a8e3d06b05ebd8ad6c4506;dcid=4,2016-01-13 14:35:17
,,,,,,,,[],[],[],,[],,,,,,[],,http://www.booking.com/hotel/dk/holiday-home-vestervangen-h-5140.zh-cn.html?label=gen173nr-17CAooggJCAlhYSCtiBW5vcmVmaDGIAQGYATK4AQTIAQTYAQHoAQH4AQI;sid=19081379242f36aff7904aa9f6b4a7c7;dcid=4,http://www.booking.com/destination/city/dk/ebeltoft.zh-cn.html?label=gen173nr-17CAooggJCAlhYSCtiBW5vcmVmaDGIAQGYATK4AQTIAQTYAQHoAQH4AQI;sid=b4d1a923a0a8e3d06b05ebd8ad6c4506;dcid=4,2016-01-13 14:35:17
,,,,,,,,[],[],[],,[],,,,,,[],,http://www.booking.com/hotel/dk/holiday-home-villershoj.zh-cn.html?label=gen173nr-17CAooggJCAlhYSCtiBW5vcmVmaDGIAQGYATK4AQTIAQTYAQHoAQH4AQI;sid=19081379242f36aff7904aa9f6b4a7c7;dcid=4,http://www.booking.com/destination/city/dk/ebeltoft.zh-cn.html?label=gen173nr-17CAooggJCAlhYSCtiBW5vcmVmaDGIAQGYATK4AQTIAQTYAQHoAQH4AQI;sid=b4d1a923a0a8e3d06b05ebd8ad6c4506;dcid=4,2016-01-13 14:35:19
,,,,,,,,[],[],[],,[],,,,,,[],,http://www.booking.com/hotel/dk/holiday-home-ydunvej-ebeltoft.zh-cn.html?label=gen173nr-17CAooggJCAlhYSCtiBW5vcmVmaDGIAQGYATK4AQTIAQTYAQHoAQH4AQI;sid=19081379242f36aff7904aa9f6b4a7c7;dcid=4,http://www.booking.com/destination/city/dk/ebeltoft.zh-cn.html?label=gen173nr-17CAooggJCAlhYSCtiBW5vcmVmaDGIAQGYATK4AQTIAQTYAQHoAQH4AQI;sid=b4d1a923a0a8e3d06b05ebd8ad6c4506;dcid=4,2016-01-13 14:35:19
,,,,,,,,[],[],[],,[],,,,,,[],,http://www.booking.com/hotel/dk/holiday-home-vildandvej-ebeltoft-v.zh-cn.html?label=gen173nr-17CAooggJCAlhYSCtiBW5vcmVmaDGIAQGYATK4AQTIAQTYAQHoAQH4AQI;sid=19081379242f36aff7904aa9f6b4a7c7;dcid=4,http://www.booking.com/destination/city/dk/ebeltoft.zh-cn.html?label=gen173nr-17CAooggJCAlhYSCtiBW5vcmVmaDGIAQGYATK4AQTIAQTYAQHoAQH4AQI;sid=b4d1a923a0a8e3d06b05ebd8ad6c4506;dcid=4,2016-01-13 14:35:19
,,,,,,,,[],[],[],,[],,,,,,[],,http://www.booking.com/hotel/dk/holiday-home-vibaek-strandvej.zh-cn.html?label=gen173nr-17CAooggJCAlhYSCtiBW5vcmVmaDGIAQGYATK4AQTIAQTYAQHoAQH4AQI;sid=19081379242f36aff7904aa9f6b4a7c7;dcid=4,http://www.booking.com/destination/city/dk/ebeltoft.zh-cn.html?label=gen173nr-17CAooggJCAlhYSCtiBW5vcmVmaDGIAQGYATK4AQTIAQTYAQHoAQH4AQI;sid=b4d1a923a0a8e3d06b05ebd8ad6c4506;dcid=4,2016-01-13 14:35:19
,,,,,,,,[],[],[],,[],,,,,,[],,http://www.booking.com/hotel/dk/holiday-home-ydunvej-a-5261.zh-cn.html?label=gen173nr-17CAooggJCAlhYSCtiBW5vcmVmaDGIAQGYATK4AQTIAQTYAQHoAQH4AQI;sid=19081379242f36aff7904aa9f6b4a7c7;dcid=4,http://www.booking.com/destination/city/dk/ebeltoft.zh-cn.html?label=gen173nr-17CAooggJCAlhYSCtiBW5vcmVmaDGIAQGYATK4AQTIAQTYAQHoAQH4AQI;sid=b4d1a923a0a8e3d06b05ebd8ad6c4506;dcid=4,2016-01-13 14:35:20
,,,,,,,,[],[],[],,[],,,,,,[],,http://www.booking.com/hotel/dk/holiday-home-ydunvej-ebeltoft-v.zh-cn.html?label=gen173nr-17CAooggJCAlhYSCtiBW5vcmVmaDGIAQGYATK4AQTIAQTYAQHoAQH4AQI;sid=19081379242f36aff7904aa9f6b4a7c7;dcid=4,http://www.booking.com/destination/city/dk/ebeltoft.zh-cn.html?label=gen173nr-17CAooggJCAlhYSCtiBW5vcmVmaDGIAQGYATK4AQTIAQTYAQHoAQH4AQI;sid=b4d1a923a0a8e3d06b05ebd8ad6c4506;dcid=4,2016-01-13 14:35:20
,,,,,,,,[],[],[],,[],,,,,,[],,http://www.booking.com/hotel/dk/holiday-home-ydunvej-ebeltoft-ii.zh-cn.html?label=gen173nr-17CAooggJCAlhYSCtiBW5vcmVmaDGIAQGYATK4AQTIAQTYAQHoAQH4AQI;sid=19081379242f36aff7904aa9f6b4a7c7;dcid=4,http://www.booking.com/destination/city/dk/ebeltoft.zh-cn.html?label=gen173nr-17CAooggJCAlhYSCtiBW5vcmVmaDGIAQGYATK4AQTIAQTYAQHoAQH4AQI;sid=b4d1a923a0a8e3d06b05ebd8ad6c4506;dcid=4,2016-01-13 14:35:20
,,,,,,,,[],[],[],,[],,,,,,[],,http://www.booking.com/hotel/dk/holiday-home-ydunvej-boeslum.zh-cn.html?label=gen173nr-17CAooggJCAlhYSCtiBW5vcmVmaDGIAQGYATK4AQTIAQTYAQHoAQH4AQI;sid=19081379242f36aff7904aa9f6b4a7c7;dcid=4,http://www.booking.com/destination/city/dk/ebeltoft.zh-cn.html?label=gen173nr-17CAooggJCAlhYSCtiBW5vcmVmaDGIAQGYATK4AQTIAQTYAQHoAQH4AQI;sid=b4d1a923a0a8e3d06b05ebd8ad6c4506;dcid=4,2016-01-13 14:35:20
,,,,,,,,[],[],[],,[],,,,,,[],,http://www.booking.com/hotel/dk/holiday-home-ydunvej-h-5260.zh-cn.html?label=gen173nr-17CAooggJCAlhYSCtiBW5vcmVmaDGIAQGYATK4AQTIAQTYAQHoAQH4AQI;sid=19081379242f36aff7904aa9f6b4a7c7;dcid=4,http://www.booking.com/destination/city/dk/ebeltoft.zh-cn.html?label=gen173nr-17CAooggJCAlhYSCtiBW5vcmVmaDGIAQGYATK4AQTIAQTYAQHoAQH4AQI;sid=b4d1a923a0a8e3d06b05ebd8ad6c4506;dcid=4,2016-01-13 14:35:21
,,,,,,,,[],[],[],,[],,,,,,[],,http://www.booking.com/hotel/dk/holiday-home-ydunvej-ebeltoft-vi.zh-cn.html?label=gen173nr-17CAooggJCAlhYSCtiBW5vcmVmaDGIAQGYATK4AQTIAQTYAQHoAQH4AQI;sid=19081379242f36aff7904aa9f6b4a7c7;dcid=4,http://www.booking.com/destination/city/dk/ebeltoft.zh-cn.html?label=gen173nr-17CAooggJCAlhYSCtiBW5vcmVmaDGIAQGYATK4AQTIAQTYAQHoAQH4AQI;sid=b4d1a923a0a8e3d06b05ebd8ad6c4506;dcid=4,2016-01-13 14:35:21
,,,,,,,,[],[],[],,[],,,,,,[],,http://www.booking.com/hotel/dk/hummeren.zh-cn.html?label=gen173nr-17CAooggJCAlhYSCtiBW5vcmVmaDGIAQGYATK4AQTIAQTYAQHoAQH4AQI;sid=19081379242f36aff7904aa9f6b4a7c7;dcid=4,http://www.booking.com/destination/city/dk/ebeltoft.zh-cn.html?label=gen173nr-17CAooggJCAlhYSCtiBW5vcmVmaDGIAQGYATK4AQTIAQTYAQHoAQH4AQI;sid=b4d1a923a0a8e3d06b05ebd8ad6c4506;dcid=4,2016-01-13 14:35:21
,,,,,,,,[],[],[],,[],,,,,,[],,http://www.booking.com/hotel/dk/holiday-home-ydunvej-ebeltoft-x.zh-cn.html?label=gen173nr-17CAooggJCAlhYSCtiBW5vcmVmaDGIAQGYATK4AQTIAQTYAQHoAQH4AQI;sid=19081379242f36aff7904aa9f6b4a7c7;dcid=4,http://www.booking.com/destination/city/dk/ebeltoft.zh-cn.html?label=gen173nr-17CAooggJCAlhYSCtiBW5vcmVmaDGIAQGYATK4AQTIAQTYAQHoAQH4AQI;sid=b4d1a923a0a8e3d06b05ebd8ad6c4506;dcid=4,2016-01-13 14:35:21
,,,,,,,,[],[],[],,[],,,,,,[],,http://www.booking.com/hotel/dk/hummeren-117.zh-cn.html?label=gen173nr-17CAooggJCAlhYSCtiBW5vcmVmaDGIAQGYATK4AQTIAQTYAQHoAQH4AQI;sid=19081379242f36aff7904aa9f6b4a7c7;dcid=4,http://www.booking.com/destination/city/dk/ebeltoft.zh-cn.html?label=gen173nr-17CAooggJCAlhYSCtiBW5vcmVmaDGIAQGYATK4AQTIAQTYAQHoAQH4AQI;sid=b4d1a923a0a8e3d06b05ebd8ad6c4506;dcid=4,2016-01-13 14:35:22
,,,,,,,,[],[],[],,[],,,,,,[],,http://www.booking.com/hotel/dk/krabben-390.zh-cn.html?label=gen173nr-17CAooggJCAlhYSCtiBW5vcmVmaDGIAQGYATK4AQTIAQTYAQHoAQH4AQI;sid=19081379242f36aff7904aa9f6b4a7c7;dcid=4,http://www.booking.com/destination/city/dk/ebeltoft.zh-cn.html?label=gen173nr-17CAooggJCAlhYSCtiBW5vcmVmaDGIAQGYATK4AQTIAQTYAQHoAQH4AQI;sid=b4d1a923a0a8e3d06b05ebd8ad6c4506;dcid=4,2016-01-13 14:35:22
,,,,,,,,[],[],[],,[],,,,,,[],,http://www.booking.com/hotel/dk/lyngbakken.zh-cn.html?label=gen173nr-17CAooggJCAlhYSCtiBW5vcmVmaDGIAQGYATK4AQTIAQTYAQHoAQH4AQI;sid=19081379242f36aff7904aa9f6b4a7c7;dcid=4,http://www.booking.com/destination/city/dk/ebeltoft.zh-cn.html?label=gen173nr-17CAooggJCAlhYSCtiBW5vcmVmaDGIAQGYATK4AQTIAQTYAQHoAQH4AQI;sid=b4d1a923a0a8e3d06b05ebd8ad6c4506;dcid=4,2016-01-13 14:35:23
,,,,,,,,[],[],[],,[],,,,,,[],,http://www.booking.com/hotel/dk/mollen.zh-cn.html?label=gen173nr-17CAooggJCAlhYSCtiBW5vcmVmaDGIAQGYATK4AQTIAQTYAQHoAQH4AQI;sid=19081379242f36aff7904aa9f6b4a7c7;dcid=4,http://www.booking.com/destination/city/dk/ebeltoft.zh-cn.html?label=gen173nr-17CAooggJCAlhYSCtiBW5vcmVmaDGIAQGYATK4AQTIAQTYAQHoAQH4AQI;sid=b4d1a923a0a8e3d06b05ebd8ad6c4506;dcid=4,2016-01-13 14:35:24
,,,,,,,,[],[],[],,[],,,,,,[],,http://www.booking.com/hotel/dk/kraka-r-camping-caravans-cottages.zh-cn.html?label=gen173nr-17CAooggJCAlhYSCtiBW5vcmVmaDGIAQGYATK4AQTIAQTYAQHoAQH4AQI;sid=19081379242f36aff7904aa9f6b4a7c7;dcid=4,http://www.booking.com/destination/city/dk/ebeltoft.zh-cn.html?label=gen173nr-17CAooggJCAlhYSCtiBW5vcmVmaDGIAQGYATK4AQTIAQTYAQHoAQH4AQI;sid=b4d1a923a0a8e3d06b05ebd8ad6c4506;dcid=4,2016-01-13 14:35:24
,,,,,,,,[],[],[],,[],,,,,,[],,http://www.booking.com/hotel/dk/molskroen.zh-cn.html?label=gen173nr-17CAooggJCAlhYSCtiBW5vcmVmaDGIAQGYATK4AQTIAQTYAQHoAQH4AQI;sid=19081379242f36aff7904aa9f6b4a7c7;dcid=4,http://www.booking.com/destination/city/dk/ebeltoft.zh-cn.html?label=gen173nr-17CAooggJCAlhYSCtiBW5vcmVmaDGIAQGYATK4AQTIAQTYAQHoAQH4AQI;sid=b4d1a923a0a8e3d06b05ebd8ad6c4506;dcid=4,2016-01-13 14:35:24
,,,,,,,,[],[],[],,[],,,,,,[],,http://www.booking.com/hotel/dk/krabben-362.zh-cn.html?label=gen173nr-17CAooggJCAlhYSCtiBW5vcmVmaDGIAQGYATK4AQTIAQTYAQHoAQH4AQI;sid=19081379242f36aff7904aa9f6b4a7c7;dcid=4,http://www.booking.com/destination/city/dk/ebeltoft.zh-cn.html?label=gen173nr-17CAooggJCAlhYSCtiBW5vcmVmaDGIAQGYATK4AQTIAQTYAQHoAQH4AQI;sid=b4d1a923a0a8e3d06b05ebd8ad6c4506;dcid=4,2016-01-13 14:35:24
,,,,,,,,[],[],[],,[],,,,,,[],,http://www.booking.com/hotel/dk/mugge.zh-cn.html?label=gen173nr-17CAooggJCAlhYSCtiBW5vcmVmaDGIAQGYATK4AQTIAQTYAQHoAQH4AQI;sid=19081379242f36aff7904aa9f6b4a7c7;dcid=4,http://www.booking.com/destination/city/dk/ebeltoft.zh-cn.html?label=gen173nr-17CAooggJCAlhYSCtiBW5vcmVmaDGIAQGYATK4AQTIAQTYAQHoAQH4AQI;sid=b4d1a923a0a8e3d06b05ebd8ad6c4506;dcid=4,2016-01-13 14:35:25
,,,,,,,,[],[],[],,[],,,,,,[],,http://www.booking.com/hotel/dk/molskroen-strandhotel.zh-cn.html?label=gen173nr-17CAooggJCAlhYSCtiBW5vcmVmaDGIAQGYATK4AQTIAQTYAQHoAQH4AQI;sid=19081379242f36aff7904aa9f6b4a7c7;dcid=4,http://www.booking.com/destination/city/dk/ebeltoft.zh-cn.html?label=gen173nr-17CAooggJCAlhYSCtiBW5vcmVmaDGIAQGYATK4AQTIAQTYAQHoAQH4AQI;sid=b4d1a923a0a8e3d06b05ebd8ad6c4506;dcid=4,2016-01-13 14:35:25
,,,,,,,,[],[],[],,[],,,,,,[],,http://www.booking.com/hotel/dk/motel-ebeltoft.zh-cn.html?label=gen173nr-17CAooggJCAlhYSCtiBW5vcmVmaDGIAQGYATK4AQTIAQTYAQHoAQH4AQI;sid=19081379242f36aff7904aa9f6b4a7c7;dcid=4,http://www.booking.com/destination/city/dk/ebeltoft.zh-cn.html?label=gen173nr-17CAooggJCAlhYSCtiBW5vcmVmaDGIAQGYATK4AQTIAQTYAQHoAQH4AQI;sid=b4d1a923a0a8e3d06b05ebd8ad6c4506;dcid=4,2016-01-13 14:35:26
,,,,,,,,[],[],[],,[],,,,,,[],,http://www.booking.com/hotel/dk/oasen-ebeltoft-xi.zh-cn.html?label=gen173nr-17CAooggJCAlhYSCtiBW5vcmVmaDGIAQGYATK4AQTIAQTYAQHoAQH4AQI;sid=19081379242f36aff7904aa9f6b4a7c7;dcid=4,http://www.booking.com/destination/city/dk/ebeltoft.zh-cn.html?label=gen173nr-17CAooggJCAlhYSCtiBW5vcmVmaDGIAQGYATK4AQTIAQTYAQHoAQH4AQI;sid=b4d1a923a0a8e3d06b05ebd8ad6c4506;dcid=4,2016-01-13 14:35:26
,,,,,,,,[],[],[],,[],,,,,,[],,http://www.booking.com/hotel/dk/laerkereden-ebeltoft-xii.zh-cn.html?label=gen173nr-17CAooggJCAlhYSCtiBW5vcmVmaDGIAQGYATK4AQTIAQTYAQHoAQH4AQI;sid=19081379242f36aff7904aa9f6b4a7c7;dcid=4,http://www.booking.com/destination/city/dk/ebeltoft.zh-cn.html?label=gen173nr-17CAooggJCAlhYSCtiBW5vcmVmaDGIAQGYATK4AQTIAQTYAQHoAQH4AQI;sid=b4d1a923a0a8e3d06b05ebd8ad6c4506;dcid=4,2016-01-13 14:35:26
,,,,,,,,[],[],[],,[],,,,,,[],,http://www.booking.com/hotel/dk/one-bedroom-holiday-home-in-ebeltoft-3.zh-cn.html?label=gen173nr-17CAooggJCAlhYSCtiBW5vcmVmaDGIAQGYATK4AQTIAQTYAQHoAQH4AQI;sid=19081379242f36aff7904aa9f6b4a7c7;dcid=4,http://www.booking.com/destination/city/dk/ebeltoft.zh-cn.html?label=gen173nr-17CAooggJCAlhYSCtiBW5vcmVmaDGIAQGYATK4AQTIAQTYAQHoAQH4AQI;sid=b4d1a923a0a8e3d06b05ebd8ad6c4506;dcid=4,2016-01-13 14:35:26
,,,,,,,,[],[],[],,[],,,,,,[],,http://www.booking.com/hotel/dk/one-bedroom-holiday-home-in-ebeltoft-4.zh-cn.html?label=gen173nr-17CAooggJCAlhYSCtiBW5vcmVmaDGIAQGYATK4AQTIAQTYAQHoAQH4AQI;sid=19081379242f36aff7904aa9f6b4a7c7;dcid=4,http://www.booking.com/destination/city/dk/ebeltoft.zh-cn.html?label=gen173nr-17CAooggJCAlhYSCtiBW5vcmVmaDGIAQGYATK4AQTIAQTYAQHoAQH4AQI;sid=b4d1a923a0a8e3d06b05ebd8ad6c4506;dcid=4,2016-01-13 14:35:26
,,,,,,,,[],[],[],,[],,,,,,[],,http://www.booking.com/hotel/dk/one-bedroom-holiday-home-in-ebeltoft-2.zh-cn.html?label=gen173nr-17CAooggJCAlhYSCtiBW5vcmVmaDGIAQGYATK4AQTIAQTYAQHoAQH4AQI;sid=19081379242f36aff7904aa9f6b4a7c7;dcid=4,http://www.booking.com/destination/city/dk/ebeltoft.zh-cn.html?label=gen173nr-17CAooggJCAlhYSCtiBW5vcmVmaDGIAQGYATK4AQTIAQTYAQHoAQH4AQI;sid=b4d1a923a0a8e3d06b05ebd8ad6c4506;dcid=4,2016-01-13 14:35:27
,,,,,,,,[],[],[],,[],,,,,,[],,http://www.booking.com/hotel/dk/one-bedroom-holiday-home-in-ebeltoft-5.zh-cn.html?label=gen173nr-17CAooggJCAlhYSCtiBW5vcmVmaDGIAQGYATK4AQTIAQTYAQHoAQH4AQI;sid=19081379242f36aff7904aa9f6b4a7c7;dcid=4,http://www.booking.com/destination/city/dk/ebeltoft.zh-cn.html?label=gen173nr-17CAooggJCAlhYSCtiBW5vcmVmaDGIAQGYATK4AQTIAQTYAQHoAQH4AQI;sid=b4d1a923a0a8e3d06b05ebd8ad6c4506;dcid=4,2016-01-13 14:35:28
,,,,,,,,[],[],[],,[],,,,,,[],,http://www.booking.com/hotel/dk/one-bedroom-holiday-home-in-ebeltoft-6.zh-cn.html?label=gen173nr-17CAooggJCAlhYSCtiBW5vcmVmaDGIAQGYATK4AQTIAQTYAQHoAQH4AQI;sid=19081379242f36aff7904aa9f6b4a7c7;dcid=4,http://www.booking.com/destination/city/dk/ebeltoft.zh-cn.html?label=gen173nr-17CAooggJCAlhYSCtiBW5vcmVmaDGIAQGYATK4AQTIAQTYAQHoAQH4AQI;sid=b4d1a923a0a8e3d06b05ebd8ad6c4506;dcid=4,2016-01-13 14:35:28
,,,,,,,,[],[],[],,[],,,,,,[],,http://www.booking.com/hotel/dk/one-bedroom-holiday-home-in-ebeltoft-8.zh-cn.html?label=gen173nr-17CAooggJCAlhYSCtiBW5vcmVmaDGIAQGYATK4AQTIAQTYAQHoAQH4AQI;sid=19081379242f36aff7904aa9f6b4a7c7;dcid=4,http://www.booking.com/destination/city/dk/ebeltoft.zh-cn.html?label=gen173nr-17CAooggJCAlhYSCtiBW5vcmVmaDGIAQGYATK4AQTIAQTYAQHoAQH4AQI;sid=b4d1a923a0a8e3d06b05ebd8ad6c4506;dcid=4,2016-01-13 14:35:28
,,,,,,,,[],[],[],,[],,,,,,[],,http://www.booking.com/hotel/dk/one-bedroom-holiday-home-in-ebeltoft-7.zh-cn.html?label=gen173nr-17CAooggJCAlhYSCtiBW5vcmVmaDGIAQGYATK4AQTIAQTYAQHoAQH4AQI;sid=19081379242f36aff7904aa9f6b4a7c7;dcid=4,http://www.booking.com/destination/city/dk/ebeltoft.zh-cn.html?label=gen173nr-17CAooggJCAlhYSCtiBW5vcmVmaDGIAQGYATK4AQTIAQTYAQHoAQH4AQI;sid=b4d1a923a0a8e3d06b05ebd8ad6c4506;dcid=4,2016-01-13 14:35:29
,,,,,,,,[],[],[],,[],,,,,,[],,http://www.booking.com/hotel/dk/rejen-204.zh-cn.html?label=gen173nr-17CAooggJCAlhYSCtiBW5vcmVmaDGIAQGYATK4AQTIAQTYAQHoAQH4AQI;sid=19081379242f36aff7904aa9f6b4a7c7;dcid=4,http://www.booking.com/destination/city/dk/ebeltoft.zh-cn.html?label=gen173nr-17CAooggJCAlhYSCtiBW5vcmVmaDGIAQGYATK4AQTIAQTYAQHoAQH4AQI;sid=b4d1a923a0a8e3d06b05ebd8ad6c4506;dcid=4,2016-01-13 14:35:29
,,,,,,,,[],[],[],,[],,,,,,[],,http://www.booking.com/hotel/dk/rejen-221.zh-cn.html?label=gen173nr-17CAooggJCAlhYSCtiBW5vcmVmaDGIAQGYATK4AQTIAQTYAQHoAQH4AQI;sid=19081379242f36aff7904aa9f6b4a7c7;dcid=4,http://www.booking.com/destination/city/dk/ebeltoft.zh-cn.html?label=gen173nr-17CAooggJCAlhYSCtiBW5vcmVmaDGIAQGYATK4AQTIAQTYAQHoAQH4AQI;sid=b4d1a923a0a8e3d06b05ebd8ad6c4506;dcid=4,2016-01-13 14:35:30
,,,,,,,,[],[],[],,[],,,,,,[],,http://www.booking.com/hotel/dk/rejen-275.zh-cn.html?label=gen173nr-17CAooggJCAlhYSCtiBW5vcmVmaDGIAQGYATK4AQTIAQTYAQHoAQH4AQI;sid=19081379242f36aff7904aa9f6b4a7c7;dcid=4,http://www.booking.com/destination/city/dk/ebeltoft.zh-cn.html?label=gen173nr-17CAooggJCAlhYSCtiBW5vcmVmaDGIAQGYATK4AQTIAQTYAQHoAQH4AQI;sid=b4d1a923a0a8e3d06b05ebd8ad6c4506;dcid=4,2016-01-13 14:35:30
,,,,,,,,[],[],[],,[],,,,,,[],,http://www.booking.com/hotel/dk/rejen-223.zh-cn.html?label=gen173nr-17CAooggJCAlhYSCtiBW5vcmVmaDGIAQGYATK4AQTIAQTYAQHoAQH4AQI;sid=19081379242f36aff7904aa9f6b4a7c7;dcid=4,http://www.booking.com/destination/city/dk/ebeltoft.zh-cn.html?label=gen173nr-17CAooggJCAlhYSCtiBW5vcmVmaDGIAQGYATK4AQTIAQTYAQHoAQH4AQI;sid=b4d1a923a0a8e3d06b05ebd8ad6c4506;dcid=4,2016-01-13 14:35:31
,,,,,,,,[],[],[],,[],,,,,,[],,http://www.booking.com/hotel/dk/rejen-254.zh-cn.html?label=gen173nr-17CAooggJCAlhYSCtiBW5vcmVmaDGIAQGYATK4AQTIAQTYAQHoAQH4AQI;sid=19081379242f36aff7904aa9f6b4a7c7;dcid=4,http://www.booking.com/destination/city/dk/ebeltoft.zh-cn.html?label=gen173nr-17CAooggJCAlhYSCtiBW5vcmVmaDGIAQGYATK4AQTIAQTYAQHoAQH4AQI;sid=b4d1a923a0a8e3d06b05ebd8ad6c4506;dcid=4,2016-01-13 14:35:31
